Qty,Line Item,Manufacturer,MPN,Octopart URL,Schematic Reference,Internal Part Number,Description,Total Qty (@ Batch Size: 100),SKU,SKU,SKU,SKU,Packaging,Packaging,Packaging,Packaging,Unit Price (@ Batch Size: 100),Unit Price (@ Batch Size: 100),Unit Price (@ Batch Size: 100),Unit Price (@ Batch Size: 100),In Stock,In Stock,In Stock,In Stock,MOQ,MOQ,MOQ,MOQ,URL,URL,URL,URL,Distributor [null],SKU [null],Packaging [null],Unit Price (@ Batch Size: 100) [null],Line Total [null],Batch Total [null],In Stock [null],MOQ [null],URL [null],Notes
,,,,,,,,,Avnet Express,Digi-Key,Mouser,Newark,Avnet Express,Digi-Key,Mouser,Newark,Avnet Express,Digi-Key,Mouser,Newark,Avnet Express,Digi-Key,Mouser,Newark,Avnet Express,Digi-Key,Mouser,Newark,Avnet Express,Digi-Key,Mouser,Newark,,,,,,,,,
1,ERJ-2RKF10R0X,Panasonic,ERJ-2RKF10R0X,https://octopart.com/erj-2rkf10r0x-panasonic-1369523, 10R,,,100,ERJ-2RKF10R0X,P10.0LDKR-ND,ERJ-2RKF10R0X,90W2943,,Custom Reel,,Tape & Reel,,0.0149,0.008,0.003,310000,933396,389237,80000,10000,1,,1,https://octopart-clicks.com/click/track?country=NZ&ak=ec9249f5&sig=0119303&sid=5822&ppid=1369523&vpid=187897807&ct=offers,https://octopart-clicks.com/click/track?country=NZ&ak=ec9249f5&sig=00a5910&sid=459&ppid=1369523&vpid=188059299&ct=offers,https://octopart-clicks.com/click/track?country=NZ&ak=ec9249f5&sig=06b95b0&sid=2401&ppid=1369523&vpid=187838954&ct=offers,https://octopart-clicks.com/click/track?country=NZ&ak=ec9249f5&sig=04dd5c8&sid=2402&ppid=1369523&vpid=190851200&ct=offers,Newark,90W2943,Tape & Reel,0.003,0.003,0.3,80000,1,https://octopart-clicks.com/click/track?country=NZ&ak=ec9249f5&sig=04dd5c8&sid=2402&ppid=1369523&vpid=190851200&ct=offers,
1,ERJ-2RKF28R7X,Panasonic,ERJ-2RKF28R7X,https://octopart.com/erj-2rkf28r7x-panasonic-1180002, 28R7,,,100,ERJ-2RKF28R7X,P28.7LDKR-ND,ERJ-2RKF28R7X,90W3021,,Custom Reel,,,,0.0149,0.01,0.003,0,58019,45060,48910,60000,1,,1,https://octopart-clicks.com/click/track?country=NZ&ak=ec9249f5&sig=05d5285&sid=5822&ppid=1180002&vpid=196306622&ct=offers,https://octopart-clicks.com/click/track?country=NZ&ak=ec9249f5&sig=0db7cd6&sid=459&ppid=1180002&vpid=188059739&ct=offers,https://octopart-clicks.com/click/track?country=NZ&ak=ec9249f5&sig=0853cb2&sid=2401&ppid=1180002&vpid=194417988&ct=offers,https://octopart-clicks.com/click/track?country=NZ&ak=ec9249f5&sig=0811511&sid=2402&ppid=1180002&vpid=191369741&ct=offers,Newark,90W3021,,0.003,0.003,0.3,48910,1,https://octopart-clicks.com/click/track?country=NZ&ak=ec9249f5&sig=0811511&sid=2402&ppid=1180002&vpid=191369741&ct=offers,
1,ERJ-2RKF66R5X,Panasonic,ERJ-2RKF66R5X,https://octopart.com/erj-2rkf66r5x-panasonic-1220455, 66R5,,,100,ERJ-2RKF66R5X/BKN,P66.5LCT-ND,ERJ-2RKF66R5X,90W3071,,Cut Tape,,,0.002,0.0149,0.01,0.003,6860,59803,38930,47028,1,1,,1,https://octopart-clicks.com/click/track?country=NZ&ak=ec9249f5&sig=06b1cdd&sid=5822&ppid=1220455&vpid=196307108&ct=offers,https://octopart-clicks.com/click/track?country=NZ&ak=ec9249f5&sig=04528d6&sid=459&ppid=1220455&vpid=188060118&ct=offers,https://octopart-clicks.com/click/track?country=NZ&ak=ec9249f5&sig=0438004&sid=2401&ppid=1220455&vpid=189150641&ct=offers,https://octopart-clicks.com/click/track?country=NZ&ak=ec9249f5&sig=047bfa5&sid=2402&ppid=1220455&vpid=190851410&ct=offers,Avnet Express,ERJ-2RKF66R5X/BKN,,0.002,0.002,0.2,6860,1,https://octopart-clicks.com/click/track?country=NZ&ak=ec9249f5&sig=06b1cdd&sid=5822&ppid=1220455&vpid=196307108&ct=offers,
4,ERJ-2RKF1000X,Panasonic,ERJ-2RKF1000X,https://octopart.com/erj-2rkf1000x-panasonic-1253760, 100R,,,400,ERJ-2RKF1000X/BKN,P100LDKR-ND,ERJ-2RKF1000X,90W2947,,Custom Reel,,Tape & Reel,0.0083,0.01104,0.008,0.003,15707,3208483,561872,0,1,1,,1,https://octopart-clicks.com/click/track?country=NZ&ak=ec9249f5&sig=0224db7&sid=5822&ppid=1253760&vpid=187897792&ct=offers,https://octopart-clicks.com/click/track?country=NZ&ak=ec9249f5&sig=0130a6e&sid=459&ppid=1253760&vpid=188059259&ct=offers,https://octopart-clicks.com/click/track?country=NZ&ak=ec9249f5&sig=0c3573b&sid=2401&ppid=1253760&vpid=187838935&ct=offers,https://octopart-clicks.com/click/track?country=NZ&ak=ec9249f5&sig=04bbeae&sid=2402&ppid=1253760&vpid=190851188&ct=offers,Newark,90W2947,Tape & Reel,0.003,0.012,1.2,0,1,https://octopart-clicks.com/click/track?country=NZ&ak=ec9249f5&sig=04bbeae&sid=2402&ppid=1253760&vpid=190851188&ct=offers,
5,ERJ-2RKF5601X,Panasonic,ERJ2RKF5601X,https://octopart.com/erj2rkf5601x-panasonic-11911619, 5K6,,,500,ERJ-2RKF5601X,P5.60KLDKR-ND,ERJ2RKF5601X,90W3063,,Custom Reel,,Tape & Reel,,0.00816,0.008,0.003,10000,155030,11101,0,10000,1,,1,https://octopart-clicks.com/click/track?country=NZ&ak=ec9249f5&sig=018f410&sid=5822&ppid=11911619&vpid=115343886&ct=offers,https://octopart-clicks.com/click/track?country=NZ&ak=ec9249f5&sig=02af38b&sid=459&ppid=11911619&vpid=115259423&ct=offers,https://octopart-clicks.com/click/track?country=NZ&ak=ec9249f5&sig=0fa9a68&sid=2401&ppid=11911619&vpid=115231372&ct=offers,https://octopart-clicks.com/click/track?country=NZ&ak=ec9249f5&sig=00ad04f&sid=2402&ppid=11911619&vpid=115394451&ct=offers,Newark,90W3063,Tape & Reel,0.003,0.015,1.5,0,1,https://octopart-clicks.com/click/track?country=NZ&ak=ec9249f5&sig=00ad04f&sid=2402&ppid=11911619&vpid=115394451&ct=offers,
1,ERJ-2RKF6651X,Panasonic,ERJ-2RKF6651X,https://octopart.com/erj-2rkf6651x-panasonic-1261053, 6K65,,,100,ERJ-2RKF6651X,P6.65KLCT-ND,ERJ-2RKF6651X,51W9221,,Cut Tape,,Tape & Reel,,0.0149,0.01,0.003,0,139870,126126,70000,60000,1,,1,https://octopart-clicks.com/click/track?country=NZ&ak=ec9249f5&sig=0f5a996&sid=5822&ppid=1261053&vpid=196307099&ct=offers,https://octopart-clicks.com/click/track?country=NZ&ak=ec9249f5&sig=09b4ef4&sid=459&ppid=1261053&vpid=188060112&ct=offers,https://octopart-clicks.com/click/track?country=NZ&ak=ec9249f5&sig=06e66fe&sid=2401&ppid=1261053&vpid=187839471&ct=offers,https://octopart-clicks.com/click/track?country=NZ&ak=ec9249f5&sig=06deff0&sid=2402&ppid=1261053&vpid=191369945&ct=offers,Newark,51W9221,Tape & Reel,0.003,0.003,0.3,70000,1,https://octopart-clicks.com/click/track?country=NZ&ak=ec9249f5&sig=06deff0&sid=2402&ppid=1261053&vpid=191369945&ct=offers,
1,ERJ-2RKF1002X,Panasonic,ERJ-2RKF1002X,https://octopart.com/erj-2rkf1002x-panasonic-1237889, 10K,,,100,ERJ-2RKF1002X,P10.0KLDKR-ND,ERJ-2RKF1002X,90W2949,,Custom Reel,,Tape & Reel,,0.0149,0.008,0.003,500000,7307853,799830,270000,10000,1,,1,https://octopart-clicks.com/click/track?country=NZ&ak=ec9249f5&sig=0a681ff&sid=5822&ppid=1237889&vpid=187897799&ct=offers,https://octopart-clicks.com/click/track?country=NZ&ak=ec9249f5&sig=0e962e7&sid=459&ppid=1237889&vpid=188059265&ct=offers,https://octopart-clicks.com/click/track?country=NZ&ak=ec9249f5&sig=0f3dd50&sid=2401&ppid=1237889&vpid=187838939&ct=offers,https://octopart-clicks.com/click/track?country=NZ&ak=ec9249f5&sig=024d347&sid=2402&ppid=1237889&vpid=190851192&ct=offers,Newark,90W2949,Tape & Reel,0.003,0.003,0.3,270000,1,https://octopart-clicks.com/click/track?country=NZ&ak=ec9249f5&sig=024d347&sid=2402&ppid=1237889&vpid=190851192&ct=offers,
2,ERJ-3GEY0R00V,Panasonic,ERJ-3GEY0R00V,https://octopart.com/erj-3gey0r00v-panasonic-1237083, 0R,,,200,ERJ-3GEY0R00V,P0.0GDKR-ND,ERJ-3GEY0R00V,97W7591,,Custom Reel,,Tape & Reel,,0.0096,0.008,0.003,1320000,4378278,1428325,210000,5000,1,,1,https://octopart-clicks.com/click/track?country=NZ&ak=ec9249f5&sig=06881f3&sid=5822&ppid=1237083&vpid=187898065&ct=offers,https://octopart-clicks.com/click/track?country=NZ&ak=ec9249f5&sig=08efe7f&sid=459&ppid=1237083&vpid=188062071&ct=offers,https://octopart-clicks.com/click/track?country=NZ&ak=ec9249f5&sig=09eafe6&sid=2401&ppid=1237083&vpid=187840237&ct=offers,https://octopart-clicks.com/click/track?country=NZ&ak=ec9249f5&sig=06e5c3f&sid=2402&ppid=1237083&vpid=190851752&ct=offers,Newark,97W7591,Tape & Reel,0.003,0.006,0.6,210000,1,https://octopart-clicks.com/click/track?country=NZ&ak=ec9249f5&sig=06e5c3f&sid=2402&ppid=1237083&vpid=190851752&ct=offers,
2,CAY16-101J8LF,Bourns,CAY16-101J8LF,https://octopart.com/cay16-101j8lf-bourns-2401389, 100R,,,200,CAY16-101J8LF,CAY16-101J8LF-ND,CAY16-101J8LF,,,Tape & Reel,,,,,0.096,,0,0,4142,,10000,10000,,,https://octopart-clicks.com/click/track?country=NZ&ak=ec9249f5&sig=02531d8&sid=5822&ppid=2401389&vpid=28044837&ct=offers,https://octopart-clicks.com/click/track?country=NZ&ak=ec9249f5&sig=0b4c70f&sid=459&ppid=2401389&vpid=36557998&ct=offers,https://octopart-clicks.com/click/track?country=NZ&ak=ec9249f5&sig=0e2289a&sid=2401&ppid=2401389&vpid=88015698&ct=offers,,Mouser,CAY16-101J8LF,,0.096,0.192,19.2,4142,,https://octopart-clicks.com/click/track?country=NZ&ak=ec9249f5&sig=0e2289a&sid=2401&ppid=2401389&vpid=88015698&ct=offers,
2,GRM1555C1H220JA01D,Murata,GRM1555C1H220JA01D,https://octopart.com/grm1555c1h220ja01d-murata-15197536, 22p,,,200,GRM1555C1H220JA01D/BKN,490-5868-1-ND,GRM1555C1H220JA01D,48W5745,,Cut Tape,,,0.0055,0.0059,0.007,0.008,8735,1017939,388303,1162,1,1,,1,https://octopart-clicks.com/click/track?country=NZ&ak=ec9249f5&sig=03dbdc4&sid=5822&ppid=15197536&vpid=136166420&ct=offers,https://octopart-clicks.com/click/track?country=NZ&ak=ec9249f5&sig=0d12365&sid=459&ppid=15197536&vpid=48486697&ct=offers,https://octopart-clicks.com/click/track?country=NZ&ak=ec9249f5&sig=074607e&sid=2401&ppid=15197536&vpid=37968658&ct=offers,https://octopart-clicks.com/click/track?country=NZ&ak=ec9249f5&sig=0278f39&sid=2402&ppid=15197536&vpid=76549790&ct=offers,Avnet Express,GRM1555C1H220JA01D/BKN,,0.0055,0.011,1.0999999999999999,8735,1,https://octopart-clicks.com/click/track?country=NZ&ak=ec9249f5&sig=03dbdc4&sid=5822&ppid=15197536&vpid=136166420&ct=offers,
2,GRM1555C1H560JA01D,Murata,GRM1555C1H560JA01D,https://octopart.com/grm1555c1h560ja01d-murata-15197568, 56p,,,200,GRM1555C1H560JA01D,490-1288-6-ND,GRM1555C1H560JA01D,14T3298,,Custom Reel,,,,0.0129,0.01,0.01,480000,251349,303912,7675,10000,1,,1,https://octopart-clicks.com/click/track?country=NZ&ak=ec9249f5&sig=04c8e24&sid=5822&ppid=15197568&vpid=33115125&ct=offers,https://octopart-clicks.com/click/track?country=NZ&ak=ec9249f5&sig=0b52a73&sid=459&ppid=15197568&vpid=41081181&ct=offers,https://octopart-clicks.com/click/track?country=NZ&ak=ec9249f5&sig=0d2bf83&sid=2401&ppid=15197568&vpid=37732787&ct=offers,https://octopart-clicks.com/click/track?country=NZ&ak=ec9249f5&sig=08d6225&sid=2402&ppid=15197568&vpid=35053469&ct=offers,Newark,14T3298,,0.01,0.02,2,7675,1,https://octopart-clicks.com/click/track?country=NZ&ak=ec9249f5&sig=08d6225&sid=2402&ppid=15197568&vpid=35053469&ct=offers,
4,GRM1555C1H101JA01D,Murata,GRM1555C1H101JA01D,https://octopart.com/grm1555c1h101ja01d-murata-15197512, 100p,,,400,GRM1555C1H101JA01D,490-5922-1-ND,GRM1555C1H101JA01D,48W5738,,Cut Tape,,,,0.00488,0.005,0.006,3610000,1979909,709648,34958,10000,1,,1,https://octopart-clicks.com/click/track?country=NZ&ak=ec9249f5&sig=07ef7a7&sid=5822&ppid=15197512&vpid=29226351&ct=offers,https://octopart-clicks.com/click/track?country=NZ&ak=ec9249f5&sig=0b13664&sid=459&ppid=15197512&vpid=57750208&ct=offers,https://octopart-clicks.com/click/track?country=NZ&ak=ec9249f5&sig=0014134&sid=2401&ppid=15197512&vpid=37723793&ct=offers,https://octopart-clicks.com/click/track?country=NZ&ak=ec9249f5&sig=0fd0b0e&sid=2402&ppid=15197512&vpid=76549783&ct=offers,Digi-Key,490-5922-1-ND,Cut Tape,0.00488,0.01952,1.952,1979909,1,https://octopart-clicks.com/click/track?country=NZ&ak=ec9249f5&sig=0b13664&sid=459&ppid=15197512&vpid=57750208&ct=offers,
2,GRM1555C1H161JA01D,Murata,GRM1555C1H161JA01D,https://octopart.com/grm1555c1h161ja01d-murata-196849, 160p,,,200,GRM1555C1H161JA01D,490-3230-6-ND,GRM1555C1H161JA01D,,,Custom Reel,,,,0.0303,0.021,,10000,53941,24760,,10000,1,,,https://octopart-clicks.com/click/track?country=NZ&ak=ec9249f5&sig=01958f9&sid=5822&ppid=196849&vpid=20535142&ct=offers,https://octopart-clicks.com/click/track?country=NZ&ak=ec9249f5&sig=0e994ad&sid=459&ppid=196849&vpid=34231456&ct=offers,https://octopart-clicks.com/click/track?country=NZ&ak=ec9249f5&sig=0f07861&sid=2401&ppid=196849&vpid=37788495&ct=offers,,Mouser,GRM1555C1H161JA01D,,0.021,0.042,4.2,24760,,https://octopart-clicks.com/click/track?country=NZ&ak=ec9249f5&sig=0f07861&sid=2401&ppid=196849&vpid=37788495&ct=offers,
6,GCM155R71H102KA37D,Murata,GCM155R71H102KA37D,https://octopart.com/gcm155r71h102ka37d-murata-7894753, 1n,,,600,GCM155R71H102KA37D,490-4761-1-ND,GCM155R71H102KA37D,,,Cut Tape,,,,0.01156,0.012,,60000,264264,629631,,10000,1,,,https://octopart-clicks.com/click/track?country=NZ&ak=ec9249f5&sig=03cdf21&sid=5822&ppid=7894753&vpid=29157817&ct=offers,https://octopart-clicks.com/click/track?country=NZ&ak=ec9249f5&sig=05e6135&sid=459&ppid=7894753&vpid=34232108&ct=offers,https://octopart-clicks.com/click/track?country=NZ&ak=ec9249f5&sig=03b7025&sid=2401&ppid=7894753&vpid=37800153&ct=offers,,Digi-Key,490-4761-1-ND,Cut Tape,0.01156,0.06936,6.936000000000001,264264,1,https://octopart-clicks.com/click/track?country=NZ&ak=ec9249f5&sig=05e6135&sid=459&ppid=7894753&vpid=34232108&ct=offers,
5,GRM155R71C103KA01D,Murata Erie,GRM155R71C103KA01D,https://octopart.com/grm155r71c103ka01d-murata+erie-49465486, 10n,,,500,GRM155R71C103KA01D,490-1313-6-ND,GRM155R71C103KA01D,14T3279,,Custom Reel,,,,0.00396,0.004,0.005,6040000,3254878,761397,11110,10000,1,,1,https://octopart-clicks.com/click/track?country=NZ&ak=ec9249f5&sig=0fabe67&sid=5822&ppid=49465486&vpid=17807016&ct=offers,https://octopart-clicks.com/click/track?country=NZ&ak=ec9249f5&sig=083ed52&sid=459&ppid=49465486&vpid=1142541&ct=offers,https://octopart-clicks.com/click/track?country=NZ&ak=ec9249f5&sig=0be470f&sid=2401&ppid=49465486&vpid=37739750&ct=offers,https://octopart-clicks.com/click/track?country=NZ&ak=ec9249f5&sig=025bc57&sid=2402&ppid=49465486&vpid=33511613&ct=offers,Digi-Key,490-1313-6-ND,Custom Reel,0.00396,0.019799999999999998,1.98,3254878,1,https://octopart-clicks.com/click/track?country=NZ&ak=ec9249f5&sig=083ed52&sid=459&ppid=49465486&vpid=1142541&ct=offers,
13,GRM155R71C104KA88D,Murata Erie,GRM155R71C104KA88D,https://octopart.com/grm155r71c104ka88d-murata+erie-49465487, 100n,,,1300,GRM155R71C104KA88D,490-3261-6-ND,GRM155R71C104KA88D,38K1647,,Custom Reel,,,,0.00375,0.005,0.013,43670000,20146514,7550717,1291,10000,1,,1,https://octopart-clicks.com/click/track?country=NZ&ak=ec9249f5&sig=000a5d4&sid=5822&ppid=49465487&vpid=17698899&ct=offers,https://octopart-clicks.com/click/track?country=NZ&ak=ec9249f5&sig=0807319&sid=459&ppid=49465487&vpid=34231478&ct=offers,https://octopart-clicks.com/click/track?country=NZ&ak=ec9249f5&sig=02e2df2&sid=2401&ppid=49465487&vpid=37849602&ct=offers,https://octopart-clicks.com/click/track?country=NZ&ak=ec9249f5&sig=049ecf8&sid=2402&ppid=49465487&vpid=6625327&ct=offers,Digi-Key,490-3261-6-ND,Custom Reel,0.00375,0.04875,4.875,20146514,1,https://octopart-clicks.com/click/track?country=NZ&ak=ec9249f5&sig=0807319&sid=459&ppid=49465487&vpid=34231478&ct=offers,
33,GRM155R6YA474KE01D,Murata,GRM155R6YA474KE01D,https://octopart.com/grm155r6ya474ke01d-murata-51166809, 470n,,,3300,,490-10462-6-ND,GRM155R6YA474KE01D,,,Custom Reel,,,,0.0153,0.02,,,9940,10925,,,1,,,,https://octopart-clicks.com/click/track?country=NZ&ak=ec9249f5&sig=0356fee&sid=459&ppid=51166809&vpid=172161794&ct=offers,https://octopart-clicks.com/click/track?country=NZ&ak=ec9249f5&sig=016172f&sid=2401&ppid=51166809&vpid=169047594&ct=offers,,Digi-Key,490-10462-6-ND,Custom Reel,0.0153,0.5049,50.49,9940,1,https://octopart-clicks.com/click/track?country=NZ&ak=ec9249f5&sig=0356fee&sid=459&ppid=51166809&vpid=172161794&ct=offers,
2,GRM155R61E105KA12D,Murata,GRM155R61E105KA12D,https://octopart.com/grm155r61e105ka12d-murata-22455235, 1u,,,200,,490-10017-1-ND,GRM155R61E105KA12D,48W5730,,Cut Tape,,,,0.0325,0.023,0.045,,0,38886,40580,,1,,1,,https://octopart-clicks.com/click/track?country=NZ&ak=ec9249f5&sig=0557e55&sid=459&ppid=22455235&vpid=172161769&ct=offers,https://octopart-clicks.com/click/track?country=NZ&ak=ec9249f5&sig=022fa0a&sid=2401&ppid=22455235&vpid=165404820&ct=offers,https://octopart-clicks.com/click/track?country=NZ&ak=ec9249f5&sig=076b6e6&sid=2402&ppid=22455235&vpid=78649235&ct=offers,Mouser,GRM155R61E105KA12D,,0.023,0.046,4.6,38886,,https://octopart-clicks.com/click/track?country=NZ&ak=ec9249f5&sig=022fa0a&sid=2401&ppid=22455235&vpid=165404820&ct=offers,
3,GRM155R61A225KE95D,Murata,GRM155R61A225KE95D,https://octopart.com/grm155r61a225ke95d-murata-31348565, 2.2u,,,300,GRM155R61A225KE95D,490-10451-6-ND,,31Y1747,,Custom Reel,,,,0.0324,,0.028,0,0,,0,10000,1,,1,https://octopart-clicks.com/click/track?country=NZ&ak=ec9249f5&sig=0b2f989&sid=5822&ppid=31348565&vpid=178177793&ct=offers,https://octopart-clicks.com/click/track?country=NZ&ak=ec9249f5&sig=0cf1675&sid=459&ppid=31348565&vpid=172161753&ct=offers,,https://octopart-clicks.com/click/track?country=NZ&ak=ec9249f5&sig=000ed0e&sid=2402&ppid=31348565&vpid=181223488&ct=offers,Newark,31Y1747,,0.028,0.084,8.4,0,1,https://octopart-clicks.com/click/track?country=NZ&ak=ec9249f5&sig=000ed0e&sid=2402&ppid=31348565&vpid=181223488&ct=offers,
11,GRM155R60J475ME47D,Murata,GRM155R60J475ME47D,https://octopart.com/grm155r60j475me47d-murata-21407240, 4.7u,,,1100,GRM155R60J475ME47D,490-5915-1-ND,GRM155R60J475ME47D,68X2780,,Cut Tape,,,,0.0275,0.034,0.052,0,376631,140970,137,10000,1,,1,https://octopart-clicks.com/click/track?country=NZ&ak=ec9249f5&sig=094f05a&sid=5822&ppid=21407240&vpid=47582786&ct=offers,https://octopart-clicks.com/click/track?country=NZ&ak=ec9249f5&sig=01a475e&sid=459&ppid=21407240&vpid=57637075&ct=offers,https://octopart-clicks.com/click/track?country=NZ&ak=ec9249f5&sig=0f296e1&sid=2401&ppid=21407240&vpid=165404776&ct=offers,https://octopart-clicks.com/click/track?country=NZ&ak=ec9249f5&sig=0860152&sid=2402&ppid=21407240&vpid=173672474&ct=offers,Digi-Key,490-5915-1-ND,Cut Tape,0.0275,0.3025,30.25,376631,1,https://octopart-clicks.com/click/track?country=NZ&ak=ec9249f5&sig=01a475e&sid=459&ppid=21407240&vpid=57637075&ct=offers,
1,GRM21BR61C475KA88K,Murata,GRM21BR61C475KA88K,https://octopart.com/grm21br61c475ka88k-murata-16412556, 4.7u,,,100,GRM21BR61C475KA88K,490-7214-1-ND,GRM21BR61C475KA88K,,,Cut Tape,,,,0.057,0.058,,0,68997,30864,,10000,1,,,https://octopart-clicks.com/click/track?country=NZ&ak=ec9249f5&sig=0f5f96d&sid=5822&ppid=16412556&vpid=26660001&ct=offers,https://octopart-clicks.com/click/track?country=NZ&ak=ec9249f5&sig=08958f7&sid=459&ppid=16412556&vpid=74138888&ct=offers,https://octopart-clicks.com/click/track?country=NZ&ak=ec9249f5&sig=0e59cf7&sid=2401&ppid=16412556&vpid=37743379&ct=offers,,Digi-Key,490-7214-1-ND,Cut Tape,0.057,0.057,5.7,68997,1,https://octopart-clicks.com/click/track?country=NZ&ak=ec9249f5&sig=08958f7&sid=459&ppid=16412556&vpid=74138888&ct=offers,
4,GRM31CR60J107ME39L,Murata,GRM31CR60J107ME39L,https://octopart.com/grm31cr60j107me39l-murata-197908, 100u,,,400,GRM31CR60J107ME39L,490-4539-6-ND,GRM31CR60J107ME39L,24R6343,,Custom Reel,,,,0.338,0.439,0.559,152000,503201,146636,20645,2000,1,,1,https://octopart-clicks.com/click/track?country=NZ&ak=ec9249f5&sig=017dc0e&sid=5822&ppid=197908&vpid=17848740&ct=offers,https://octopart-clicks.com/click/track?country=NZ&ak=ec9249f5&sig=0141def&sid=459&ppid=197908&vpid=34232072&ct=offers,https://octopart-clicks.com/click/track?country=NZ&ak=ec9249f5&sig=0a47dfe&sid=2401&ppid=197908&vpid=37771492&ct=offers,https://octopart-clicks.com/click/track?country=NZ&ak=ec9249f5&sig=0b69c2c&sid=2402&ppid=197908&vpid=190847004&ct=offers,Digi-Key,490-4539-6-ND,Custom Reel,0.338,1.352,135.20000000000002,503201,1,https://octopart-clicks.com/click/track?country=NZ&ak=ec9249f5&sig=0141def&sid=459&ppid=197908&vpid=34232072&ct=offers,
1,MLK1005S39NJ,EPCOS,MLK1005S39NJ,https://octopart.com/mlk1005s39nj-epcos-33187924, 39nH,,,100,MLK1005S39NJ,,MLK1005S39NJ,,,,,,,,0.03,,0,,10128,,10000,,,,https://octopart-clicks.com/click/track?country=NZ&ak=ec9249f5&sig=097e49e&sid=5822&ppid=33187924&vpid=36663549&ct=offers,,https://octopart-clicks.com/click/track?country=NZ&ak=ec9249f5&sig=042272f&sid=2401&ppid=33187924&vpid=37633186&ct=offers,,Mouser,MLK1005S39NJ,,0.03,0.03,3,10128,,https://octopart-clicks.com/click/track?country=NZ&ak=ec9249f5&sig=042272f&sid=2401&ppid=33187924&vpid=37633186&ct=offers,
3,MLG1005SR15J,TDK-Lambda,MLG1005SR15J,https://octopart.com/mlg1005sr15j-tdk-lambda-19702480, 150nH,,,300,MLG1005SR15J,,MLG1005SR15J,,,,,,,,0.075,,0,,16154,,10000,,,,https://octopart-clicks.com/click/track?country=NZ&ak=ec9249f5&sig=0fe04ed&sid=5822&ppid=19702480&vpid=36663452&ct=offers,,https://octopart-clicks.com/click/track?country=NZ&ak=ec9249f5&sig=0e7b09d&sid=2401&ppid=19702480&vpid=37809706&ct=offers,,Mouser,MLG1005SR15J,,0.075,0.22499999999999998,22.5,16154,,https://octopart-clicks.com/click/track?country=NZ&ak=ec9249f5&sig=0e7b09d&sid=2401&ppid=19702480&vpid=37809706&ct=offers,
1,MLG1005SR27J,EPCOS,MLG1005SR27J,https://octopart.com/mlg1005sr27j-epcos-33187865, 270nH,,,100,MLG1005SR27J,,MLG1005SR27J,17T6422,,,,,,,0.075,,10000,,15361,0,10000,,,10000,https://octopart-clicks.com/click/track?country=NZ&ak=ec9249f5&sig=019f05c&sid=5822&ppid=33187865&vpid=36663458&ct=offers,,https://octopart-clicks.com/click/track?country=NZ&ak=ec9249f5&sig=074b141&sid=2401&ppid=33187865&vpid=37814228&ct=offers,https://octopart-clicks.com/click/track?country=NZ&ak=ec9249f5&sig=06c77fc&sid=2402&ppid=33187865&vpid=118708693&ct=offers,Mouser,MLG1005SR27J,,0.075,0.075,7.5,15361,,https://octopart-clicks.com/click/track?country=NZ&ak=ec9249f5&sig=074b141&sid=2401&ppid=33187865&vpid=37814228&ct=offers,
2,MLG1005SR33J,EPCOS,MLG1005SR33J,https://octopart.com/mlg1005sr33j-epcos-33187866, 330nH,,,200,MLG1005SR33J,,MLG1005SR33J,17T6424,,,,Tape & Reel,,,0.03,0.012,0,,6672,10000,10000,,,1,https://octopart-clicks.com/click/track?country=NZ&ak=ec9249f5&sig=017fe21&sid=5822&ppid=33187866&vpid=36663460&ct=offers,,https://octopart-clicks.com/click/track?country=NZ&ak=ec9249f5&sig=04a76c7&sid=2401&ppid=33187866&vpid=37811228&ct=offers,https://octopart-clicks.com/click/track?country=NZ&ak=ec9249f5&sig=09675fb&sid=2402&ppid=33187866&vpid=87995433&ct=offers,Newark,17T6424,Tape & Reel,0.012,0.024,2.4,10000,1,https://octopart-clicks.com/click/track?country=NZ&ak=ec9249f5&sig=09675fb&sid=2402&ppid=33187866&vpid=87995433&ct=offers,
1,SRN4018-1R0Y,Bourns,SRN4018-1R0Y,https://octopart.com/srn4018-1r0y-bourns-25452386, 1uH 3.7A,,,100,SRN4018-1R0Y/BKN,SRN4018-1R0YCT-ND,SRN4018-1R0Y,54W0051,,Cut Tape,,,0.2498,0.24,0.24,0.204,2250,11114,6649,2970,1,1,,1,https://octopart-clicks.com/click/track?country=NZ&ak=ec9249f5&sig=0983ff6&sid=5822&ppid=25452386&vpid=71910524&ct=offers,https://octopart-clicks.com/click/track?country=NZ&ak=ec9249f5&sig=00876c3&sid=459&ppid=25452386&vpid=63783136&ct=offers,https://octopart-clicks.com/click/track?country=NZ&ak=ec9249f5&sig=00e0cc8&sid=2401&ppid=25452386&vpid=66287749&ct=offers,https://octopart-clicks.com/click/track?country=NZ&ak=ec9249f5&sig=0577bde&sid=2402&ppid=25452386&vpid=67006361&ct=offers,Newark,54W0051,,0.204,0.204,20.4,2970,1,https://octopart-clicks.com/click/track?country=NZ&ak=ec9249f5&sig=0577bde&sid=2402&ppid=25452386&vpid=67006361&ct=offers,
1,SSB44-E3/52T,Vishay Semiconductor,SSB44-E3/52T,https://octopart.com/ssb44-e3%2F52t-vishay+semiconductor-39552937, SR 5A 40V,,,100,SSB44-E3/52T,SSB44-E3/52TGICT-ND,SSB44-E3/52T,77K7964,,Cut Tape,,Tape & Reel,,0.3004,0.123,0.114,48000,68,10021,2250,750,1,,1,https://octopart-clicks.com/click/track?country=NZ&ak=ec9249f5&sig=0f961b8&sid=5822&ppid=39552937&vpid=160584861&ct=offers,https://octopart-clicks.com/click/track?country=NZ&ak=ec9249f5&sig=018ab44&sid=459&ppid=39552937&vpid=158973983&ct=offers,https://octopart-clicks.com/click/track?country=NZ&ak=ec9249f5&sig=06bbcd2&sid=2401&ppid=39552937&vpid=115001381&ct=offers,https://octopart-clicks.com/click/track?country=NZ&ak=ec9249f5&sig=0746ba1&sid=2402&ppid=39552937&vpid=118863280&ct=offers,Newark,77K7964,Tape & Reel,0.114,0.114,11.4,2250,1,https://octopart-clicks.com/click/track?country=NZ&ak=ec9249f5&sig=0746ba1&sid=2402&ppid=39552937&vpid=118863280&ct=offers,
2,LP5900SD-3.3/NOPB,Texas Instruments,LP5900SD-3.3/NOPB,https://octopart.com/lp5900sd-3.3%2Fnopb-texas+instruments-5447578, LP5900 3.3V 150mA,,,200,LP5900SD-3.3/NOPB,LP5900SD-3.3/NOPBCT-ND,LP5900SD-3.3/NOPB,28X3629,,Cut Tape,,Tape & Reel,,0.5,0.574,0.314,15000,34712,21613,1000,1000,1,,1,https://octopart-clicks.com/click/track?country=NZ&ak=ec9249f5&sig=047fe70&sid=5822&ppid=5447578&vpid=57496875&ct=offers,https://octopart-clicks.com/click/track?country=NZ&ak=ec9249f5&sig=02002ad&sid=459&ppid=5447578&vpid=57598867&ct=offers,https://octopart-clicks.com/click/track?country=NZ&ak=ec9249f5&sig=02e0ced&sid=2401&ppid=5447578&vpid=57208082&ct=offers,https://octopart-clicks.com/click/track?country=NZ&ak=ec9249f5&sig=0972101&sid=2402&ppid=5447578&vpid=121006357&ct=offers,Newark,28X3629,Tape & Reel,0.314,0.628,62.8,1000,1,https://octopart-clicks.com/click/track?country=NZ&ak=ec9249f5&sig=0972101&sid=2402&ppid=5447578&vpid=121006357&ct=offers,
1,LP5900SD-1.8/NOPB,Texas Instruments,LP5900SD-1.8/NOPB,https://octopart.com/lp5900sd-1.8%2Fnopb-texas+instruments-5447581, LP5900 1.8V 150mA,,,100,LP5900SD-1.8/NOPB,LP5900SD-1.8/NOPBCT-ND,LP5900SD-1.8/NOPB,28X3627,,Cut Tape,,Tape & Reel,,0.5,0.574,0.314,0,4846,1503,1000,1000,1,,1,https://octopart-clicks.com/click/track?country=NZ&ak=ec9249f5&sig=0bbd794&sid=5822&ppid=5447581&vpid=57496854&ct=offers,https://octopart-clicks.com/click/track?country=NZ&ak=ec9249f5&sig=00cc13d&sid=459&ppid=5447581&vpid=57598842&ct=offers,https://octopart-clicks.com/click/track?country=NZ&ak=ec9249f5&sig=0cdfb3e&sid=2401&ppid=5447581&vpid=57208073&ct=offers,https://octopart-clicks.com/click/track?country=NZ&ak=ec9249f5&sig=06b981a&sid=2402&ppid=5447581&vpid=121006354&ct=offers,Newark,28X3627,Tape & Reel,0.314,0.314,31.4,1000,1,https://octopart-clicks.com/click/track?country=NZ&ak=ec9249f5&sig=06b981a&sid=2402&ppid=5447581&vpid=121006354&ct=offers,
1,LMR10530YSD/NOPB,Texas Instruments,LMR10530YSD/NOPB,https://octopart.com/lmr10530ysd%2Fnopb-texas+instruments-24316647, LMR10530Y 1.0V 3A,,,100,LMR10530YSD/NOPB,296-40292-6-ND,LMR10530YSD/NOPB,,,Custom Reel,,,,1.134,1.29,,0,1307,836,,1000,1,,,https://octopart-clicks.com/click/track?country=NZ&ak=ec9249f5&sig=00994d9&sid=5822&ppid=24316647&vpid=57492745&ct=offers,https://octopart-clicks.com/click/track?country=NZ&ak=ec9249f5&sig=017a895&sid=459&ppid=24316647&vpid=192869850&ct=offers,https://octopart-clicks.com/click/track?country=NZ&ak=ec9249f5&sig=0ce8ccb&sid=2401&ppid=24316647&vpid=66384713&ct=offers,,Digi-Key,296-40292-6-ND,Custom Reel,1.134,1.134,113.39999999999999,1307,1,https://octopart-clicks.com/click/track?country=NZ&ak=ec9249f5&sig=017a895&sid=459&ppid=24316647&vpid=192869850&ct=offers,
1,XC7A35T-1FTG256C,Xilinx,XC7A35T-1FTG256C,https://octopart.com/xc7a35t-1ftg256c-xilinx-39208142, Artix-7 A35,,,100,XC7A35T-1FTG256C,122-1910-ND,,,,Tray,,,30.1154,34.37,,,97,108,,,1,1,,,https://octopart-clicks.com/click/track?country=NZ&ak=ec9249f5&sig=0cb9a36&sid=5822&ppid=39208142&vpid=114404822&ct=offers,https://octopart-clicks.com/click/track?country=NZ&ak=ec9249f5&sig=08a517c&sid=459&ppid=39208142&vpid=175997289&ct=offers,,,Avnet Express,XC7A35T-1FTG256C,,30.1154,30.1154,3011.54,97,1,https://octopart-clicks.com/click/track?country=NZ&ak=ec9249f5&sig=0cb9a36&sid=5822&ppid=39208142&vpid=114404822&ct=offers,
1,SE4150L-R,Skyworks Solutions,SE4150L-R,https://octopart.com/se4150l-r-skyworks+solutions-20439429, SE4150L,,,100,,863-1354-6-ND,SE4150L-R,,,Custom Reel,,,,2.51,2.51,,,2673,5935,,,1,,,,https://octopart-clicks.com/click/track?country=NZ&ak=ec9249f5&sig=0f8db0b&sid=459&ppid=20439429&vpid=40478187&ct=offers,https://octopart-clicks.com/click/track?country=NZ&ak=ec9249f5&sig=0e39b2b&sid=2401&ppid=20439429&vpid=55802974&ct=offers,,Mouser,SE4150L-R,,2.51,2.51,250.99999999999997,5935,,https://octopart-clicks.com/click/track?country=NZ&ak=ec9249f5&sig=0e39b2b&sid=2401&ppid=20439429&vpid=55802974&ct=offers,
1,M24256-BFMC6TG,STMicroelectronics,M24256-BFMC6TG,https://octopart.com/m24256-bfmc6tg-stmicroelectronics-22027923, EEPROM 32Kx8,,,100,M24256-BFMC6TG,M24256-BFMC6TG-ND,M24256-BFMC6TG,94T6412,,Tape & Reel,,,,,0.38,0.648,0,0,17451,0,5000,5000,,1,https://octopart-clicks.com/click/track?country=NZ&ak=ec9249f5&sig=0807edb&sid=5822&ppid=22027923&vpid=49594644&ct=offers,https://octopart-clicks.com/click/track?country=NZ&ak=ec9249f5&sig=0e906ae&sid=459&ppid=22027923&vpid=50969119&ct=offers,https://octopart-clicks.com/click/track?country=NZ&ak=ec9249f5&sig=067e5c9&sid=2401&ppid=22027923&vpid=118376133&ct=offers,https://octopart-clicks.com/click/track?country=NZ&ak=ec9249f5&sig=0c17d06&sid=2402&ppid=22027923&vpid=96643318&ct=offers,Mouser,M24256-BFMC6TG,,0.38,0.38,38,17451,,https://octopart-clicks.com/click/track?country=NZ&ak=ec9249f5&sig=067e5c9&sid=2401&ppid=22027923&vpid=118376133&ct=offers,
1,NC7SZ126P5X,Fairchild Semiconductor,NC7SZ126P5X,https://octopart.com/nc7sz126p5x-fairchild+semiconductor-425689, NC7SZ126,,,100,NC7SZ126P5X,NC7SZ126P5XCT-ND,NC7SZ126P5X,84H6496,,Cut Tape,,Tape & Reel,,0.186,0.093,0.03,54000,23502,12685,0,3000,1,,1,https://octopart-clicks.com/click/track?country=NZ&ak=ec9249f5&sig=062c24b&sid=5822&ppid=425689&vpid=17760153&ct=offers,https://octopart-clicks.com/click/track?country=NZ&ak=ec9249f5&sig=0e6d6a7&sid=459&ppid=425689&vpid=1462941&ct=offers,https://octopart-clicks.com/click/track?country=NZ&ak=ec9249f5&sig=0d1bd4a&sid=2401&ppid=425689&vpid=37712395&ct=offers,https://octopart-clicks.com/click/track?country=NZ&ak=ec9249f5&sig=00a487e&sid=2402&ppid=425689&vpid=96139648&ct=offers,Newark,84H6496,Tape & Reel,0.03,0.03,3,0,1,https://octopart-clicks.com/click/track?country=NZ&ak=ec9249f5&sig=00a487e&sid=2402&ppid=425689&vpid=96139648&ct=offers,
1,LTC2248CUH#PBF,Linear Technology,LTC2248CUH#PBF,https://octopart.com/ltc2248cuh%23pbf-linear+technology-406569, LTC2248,,,100,,LTC2248CUH#PBF-ND,,,,Tube,,,,27.6899,,,,151,,,,1,,,,https://octopart-clicks.com/click/track?country=NZ&ak=ec9249f5&sig=0b0cba1&sid=459&ppid=406569&vpid=2034524&ct=offers,,,Digi-Key,LTC2248CUH#PBF-ND,Tube,27.6899,27.6899,2768.9900000000002,151,1,https://octopart-clicks.com/click/track?country=NZ&ak=ec9249f5&sig=0b0cba1&sid=459&ppid=406569&vpid=2034524&ct=offers,
1,LTC6401CUD-20#PBF,Linear Technology,LTC6401CUD-20#PBF,https://octopart.com/ltc6401cud-20%23pbf-linear+technology-6987061, LTC6401-20,,,100,,LTC6401CUD-20#PBF-ND,,57M0114,,Tube,,,,3.47,,3.47,,118,,6,,1,,1,,https://octopart-clicks.com/click/track?country=NZ&ak=ec9249f5&sig=081a0d9&sid=459&ppid=6987061&vpid=33778161&ct=offers,,https://octopart-clicks.com/click/track?country=NZ&ak=ec9249f5&sig=01ddb12&sid=2402&ppid=6987061&vpid=11375447&ct=offers,Newark,57M0114,,3.47,3.47,347,6,1,https://octopart-clicks.com/click/track?country=NZ&ak=ec9249f5&sig=01ddb12&sid=2402&ppid=6987061&vpid=11375447&ct=offers,
3,MMZ1005B601C,EPCOS,MMZ1005B601C,https://octopart.com/mmz1005b601c-epcos-33188048, FB 600Z,,,300,,,MMZ1005B601C,33P7558,,,,,,,0.03,0.021,,,12082,0,,,,1,,,https://octopart-clicks.com/click/track?country=NZ&ak=ec9249f5&sig=0b8a455&sid=2401&ppid=33188048&vpid=37667417&ct=offers,https://octopart-clicks.com/click/track?country=NZ&ak=ec9249f5&sig=0649434&sid=2402&ppid=33188048&vpid=20020794&ct=offers,Newark,33P7558,,0.021,0.063,6.300000000000001,0,1,https://octopart-clicks.com/click/track?country=NZ&ak=ec9249f5&sig=0649434&sid=2402&ppid=33188048&vpid=20020794&ct=offers,
1,357LB3I065M3600,CTS Components,357LB3I065M3600,https://octopart.com/357lb3i065m3600-cts+components-19057936, 65.360 MHz,,,100,357LB3I065M3600,CTX723CT-ND,,,,Cut Tape,,,,7.4235,,,0,972,,,1000,1,,,https://octopart-clicks.com/click/track?country=NZ&ak=ec9249f5&sig=0be7bcf&sid=5822&ppid=19057936&vpid=112785528&ct=offers,https://octopart-clicks.com/click/track?country=NZ&ak=ec9249f5&sig=0913f97&sid=459&ppid=19057936&vpid=34405829&ct=offers,,,Digi-Key,CTX723CT-ND,Cut Tape,7.4235,7.4235,742.35,972,1,https://octopart-clicks.com/click/track?country=NZ&ak=ec9249f5&sig=0913f97&sid=459&ppid=19057936&vpid=34405829&ct=offers,
1,7Q-16.368MBG-T,TXC,7Q-16.368MBG-T,https://octopart.com/7q-16.368mbg-t-txc-19238888, 16.368 MHz,,,100,,887-1548-6-ND,,24T5646,,Custom Reel,,,,2.8998,,1.59,,2449,,0,,1,,1,,https://octopart-clicks.com/click/track?country=NZ&ak=ec9249f5&sig=03737c6&sid=459&ppid=19238888&vpid=42202908&ct=offers,,https://octopart-clicks.com/click/track?country=NZ&ak=ec9249f5&sig=053ae64&sid=2402&ppid=19238888&vpid=35062547&ct=offers,Newark,24T5646,,1.59,1.59,159,0,1,https://octopart-clicks.com/click/track?country=NZ&ak=ec9249f5&sig=053ae64&sid=2402&ppid=19238888&vpid=35062547&ct=offers,
1,SF1186G,Murata Power Solutions,SF1186G,https://octopart.com/sf1186g-murata+power+solutions-51773844, SAW L1,,,100,SF1186G,583-1198-1-ND,SF1186G,,,Cut Tape,,,,0.8085,0.731,,0,2881,3445,,2500,1,,,https://octopart-clicks.com/click/track?country=NZ&ak=ec9249f5&sig=08e208e&sid=5822&ppid=51773844&vpid=113467321&ct=offers,https://octopart-clicks.com/click/track?country=NZ&ak=ec9249f5&sig=0d821fe&sid=459&ppid=51773844&vpid=113458955&ct=offers,https://octopart-clicks.com/click/track?country=NZ&ak=ec9249f5&sig=03e93d6&sid=2401&ppid=51773844&vpid=113438023&ct=offers,,Mouser,SF1186G,,0.731,0.731,73.1,3445,,https://octopart-clicks.com/click/track?country=NZ&ak=ec9249f5&sig=03e93d6&sid=2401&ppid=51773844&vpid=113438023&ct=offers,
1,282836-2,TE Connectivity / Buchanan,282836-2,https://octopart.com/282836-2-te+connectivity+%2F+buchanan-39396936, TB_2,,,100,282836-2,A98076-ND,282836-2,23C9697,,Box,,,0.3379,0.402,0.421,0.306,0,4711,20615,4370,1,1,,1,https://octopart-clicks.com/click/track?country=NZ&ak=ec9249f5&sig=06ddbef&sid=5822&ppid=39396936&vpid=191010353&ct=offers,https://octopart-clicks.com/click/track?country=NZ&ak=ec9249f5&sig=076a9e9&sid=459&ppid=39396936&vpid=115138022&ct=offers,https://octopart-clicks.com/click/track?country=NZ&ak=ec9249f5&sig=0ac0598&sid=2401&ppid=39396936&vpid=115159790&ct=offers,https://octopart-clicks.com/click/track?country=NZ&ak=ec9249f5&sig=04c2399&sid=2402&ppid=39396936&vpid=118751829&ct=offers,Newark,23C9697,,0.306,0.306,30.599999999999998,4370,1,https://octopart-clicks.com/click/track?country=NZ&ak=ec9249f5&sig=04c2399&sid=2402&ppid=39396936&vpid=118751829&ct=offers,
1,73251-1150,Molex,73251-1150,https://octopart.com/73251-1150-molex-777272, SMA,,,100,,,73251-1150,32M0773,,,,,,,3.29,2.74,,,3880,3200,,,,1,,,https://octopart-clicks.com/click/track?country=NZ&ak=ec9249f5&sig=036b4ae&sid=2401&ppid=777272&vpid=37608985&ct=offers,https://octopart-clicks.com/click/track?country=NZ&ak=ec9249f5&sig=0494605&sid=2402&ppid=777272&vpid=6726202&ct=offers,Newark,32M0773,,2.74,2.74,274,3200,1,https://octopart-clicks.com/click/track?country=NZ&ak=ec9249f5&sig=0494605&sid=2402&ppid=777272&vpid=6726202&ct=offers,
2,6-146253-3,TE Connectivity / AMP,6-146253-3,https://octopart.com/6-146253-3-te+connectivity+%2F+amp-40724378, BEAGLEBONE_BLACK,,,200,6-146253-3,6-146253-3-ND,6-146253-3,19R4080,,Bulk,,,,,2.82,4.23,0,0,990,0,2400,2400,,1,https://octopart-clicks.com/click/track?country=NZ&ak=ec9249f5&sig=0a8d97e&sid=5822&ppid=40724378&vpid=118276844&ct=offers,https://octopart-clicks.com/click/track?country=NZ&ak=ec9249f5&sig=04757b1&sid=459&ppid=40724378&vpid=126726336&ct=offers,https://octopart-clicks.com/click/track?country=NZ&ak=ec9249f5&sig=032fdab&sid=2401&ppid=40724378&vpid=115537288&ct=offers,https://octopart-clicks.com/click/track?country=NZ&ak=ec9249f5&sig=0019409&sid=2402&ppid=40724378&vpid=118745468&ct=offers,Mouser,6-146253-3,,2.82,5.64,564,990,,https://octopart-clicks.com/click/track?country=NZ&ak=ec9249f5&sig=032fdab&sid=2401&ppid=40724378&vpid=115537288&ct=offers,
2,BMI-S-209-F,Laird,BMI-S-209-F,https://octopart.com/bmi-s-209-f-laird-20084281, RF_SHIELD 29x19,,,200,,903-1212-6-ND,BMI-S-209-F,,,Custom Reel,,,,1.1882,1.02,,,7778,9925,,,1,,,,https://octopart-clicks.com/click/track?country=NZ&ak=ec9249f5&sig=03a55ac&sid=459&ppid=20084281&vpid=56306471&ct=offers,https://octopart-clicks.com/click/track?country=NZ&ak=ec9249f5&sig=03ac2ec&sid=2401&ppid=20084281&vpid=37903039&ct=offers,,Mouser,BMI-S-209-F,,1.02,2.04,204,9925,,https://octopart-clicks.com/click/track?country=NZ&ak=ec9249f5&sig=03ac2ec&sid=2401&ppid=20084281&vpid=37903039&ct=offers,
2,BMI-S-209-C,Laird,BMI-S-209-C,https://octopart.com/bmi-s-209-c-laird-20084282, RF_SHIELD_COVER 29x19,,,200,,903-1185-ND,BMI-S-209-C,,,Bulk,,,,0.6955,0.838,,,4903,7074,,,1,,,,https://octopart-clicks.com/click/track?country=NZ&ak=ec9249f5&sig=0016a80&sid=459&ppid=20084282&vpid=52749469&ct=offers,https://octopart-clicks.com/click/track?country=NZ&ak=ec9249f5&sig=01b172e&sid=2401&ppid=20084282&vpid=37903041&ct=offers,,Digi-Key,903-1185-ND,Bulk,0.6955,1.391,139.1,4903,1,https://octopart-clicks.com/click/track?country=NZ&ak=ec9249f5&sig=0016a80&sid=459&ppid=20084282&vpid=52749469&ct=offers,
